__typename,id,rowId,unit,quantity,productId,mealId,createdAt,updatedAt,meal.__typename,meal.rowId,meal.code,meal.nameEn,meal.nameFr,meal.tags,meal.descriptionEn,meal.descriptionFr,meal.categories,meal.photoUrl,meal.videoUrl,meal.method,meal.cookingDuration,meal.totalCost,meal.servingCost,meal.tips,meal.servingsSize,meal.servingsSizeUnit,meal.serves,meal.nutritionRating,meal.createdAt,meal.updatedAt
Measure,1,1,tbsp,2,9,1,2023-01-04T00:04:46.837173,2023-01-04T00:04:46.837173,Meal,1,cc_side,coriander coconut chutney,chutney de coriandre ?? la noix de coco,side dish;vegetarian;vegan;indian cuisine,"It can be used  to eat along with idli, dosa, vada, bonda or bajji","Il peut ??tre utilis?? pour manger avec idli, dosa vada, bonda ou bajji",BREAKFAST;SNACK;DINNER,,,"1. Clean the bunch of coriander leaves thoroughly.
2. grind 1 cup of coconut chunks to powder in a mixie
3. Then add 3/4th cup of roasted gram,  3 red chilli, 1 inch ginger and grind it
4. Then add coriander leaves, salt to taste and 1/2 cup of water and grind it to a paste.
5. Serve it is a thottukai for idli, dosa, vada, bonda or bajji",10,11.15,2,Defreeze the coconut chunks before 30 minutes to obtain soft texture. You can grind the coconut chunks to a poweder and store it in an airtight container.,2,tbsp,1,10,2023-01-04T00:04:46.837173,2023-01-04T00:04:46.837173
Measure,2,2,bunch,0.5,10,1,2023-01-04T00:04:46.837173,2023-01-04T00:04:46.837173,Meal,1,cc_side,coriander coconut chutney,chutney de coriandre ?? la noix de coco,side dish;vegetarian;vegan;indian cuisine,"It can be used  to eat along with idli, dosa, vada, bonda or bajji","Il peut ??tre utilis?? pour manger avec idli, dosa vada, bonda ou bajji",BREAKFAST;SNACK;DINNER,,,"1. Clean the bunch of coriander leaves thoroughly.
2. grind 1 cup of coconut chunks to powder in a mixie
3. Then add 3/4th cup of roasted gram,  3 red chilli, 1 inch ginger and grind it
4. Then add coriander leaves, salt to taste and 1/2 cup of water and grind it to a paste.
5. Serve it is a thottukai for idli, dosa, vada, bonda or bajji",10,11.15,2,Defreeze the coconut chunks before 30 minutes to obtain soft texture. You can grind the coconut chunks to a poweder and store it in an airtight container.,2,tbsp,1,10,2023-01-04T00:04:46.837173,2023-01-04T00:04:46.837173
Measure,3,3,g,1,11,1,2023-01-04T00:04:46.837173,2023-01-04T00:04:46.837173,Meal,1,cc_side,coriander coconut chutney,chutney de coriandre ?? la noix de coco,side dish;vegetarian;vegan;indian cuisine,"It can be used  to eat along with idli, dosa, vada, bonda or bajji","Il peut ??tre utilis?? pour manger avec idli, dosa vada, bonda ou bajji",BREAKFAST;SNACK;DINNER,,,"1. Clean the bunch of coriander leaves thoroughly.
2. grind 1 cup of coconut chunks to powder in a mixie
3. Then add 3/4th cup of roasted gram,  3 red chilli, 1 inch ginger and grind it
4. Then add coriander leaves, salt to taste and 1/2 cup of water and grind it to a paste.
5. Serve it is a thottukai for idli, dosa, vada, bonda or bajji",10,11.15,2,Defreeze the coconut chunks before 30 minutes to obtain soft texture. You can grind the coconut chunks to a poweder and store it in an airtight container.,2,tbsp,1,10,2023-01-04T00:04:46.837173,2023-01-04T00:04:46.837173
Measure,4,4,tbsp,2,25,1,2023-01-04T00:04:46.837173,2023-01-04T00:04:46.837173,Meal,1,cc_side,coriander coconut chutney,chutney de coriandre ?? la noix de coco,side dish;vegetarian;vegan;indian cuisine,"It can be used  to eat along with idli, dosa, vada, bonda or bajji","Il peut ??tre utilis?? pour manger avec idli, dosa vada, bonda ou bajji",BREAKFAST;SNACK;DINNER,,,"1. Clean the bunch of coriander leaves thoroughly.
2. grind 1 cup of coconut chunks to powder in a mixie
3. Then add 3/4th cup of roasted gram,  3 red chilli, 1 inch ginger and grind it
4. Then add coriander leaves, salt to taste and 1/2 cup of water and grind it to a paste.
5. Serve it is a thottukai for idli, dosa, vada, bonda or bajji",10,11.15,2,Defreeze the coconut chunks before 30 minutes to obtain soft texture. You can grind the coconut chunks to a poweder and store it in an airtight container.,2,tbsp,1,10,2023-01-04T00:04:46.837173,2023-01-04T00:04:46.837173
Measure,5,5,tbsp,2,12,3,2023-01-04T00:04:46.837173,2023-01-04T00:04:46.837173,Meal,3,bb_brkf,Breakfast Burrito,,breakfast;lunch;school,,,LUNCH;BREAKFAST,,,"1. Heat a frying pan or skillet over medium heat. Add the diced bacon and fry until just beginning to crisp. Add the peppers, onion and jalapeno if using and fry, stirring occasionally, until the bacon is cooked and the vegetables are softened. Remove bacon and vegetables from the pan and set aside. Pour off the fat from the pan and discard. Wipe out the pan with a paper towel.

2. In a bowl, whisk the egg, milk salt and pepper together. Add 1 Tbsp. / 15 ml of oil to the pan and heat over medium to low heat. Add the egg mixture and stirring, cook the eggs until just set.

3. While the eggs are cooking, lay out the tortilla shells on a flat surface. Divide the egg mixture between the 6 shells. Sprinkle each with 1 Tbsp. / 15 ml of grated cheese. Roll shells tightly, folding in the edges. Serve immediately with salsa on the side.",35,0,0,"If for school lunch, wrap in parchment paper and refrigerate for reheating in a microwave. Or, if for a later daily meal, wrap in foil and reheat in a 325-f oven for 8 ??? 10 minutes.",0,??,6,10,2023-01-04T00:04:46.837173,2023-01-04T00:04:46.837173
Measure,6,6,cup,0.5,13,3,2023-01-04T00:04:46.837173,2023-01-04T00:04:46.837173,Meal,3,bb_brkf,Breakfast Burrito,,breakfast;lunch;school,,,LUNCH;BREAKFAST,,,"1. Heat a frying pan or skillet over medium heat. Add the diced bacon and fry until just beginning to crisp. Add the peppers, onion and jalapeno if using and fry, stirring occasionally, until the bacon is cooked and the vegetables are softened. Remove bacon and vegetables from the pan and set aside. Pour off the fat from the pan and discard. Wipe out the pan with a paper towel.

2. In a bowl, whisk the egg, milk salt and pepper together. Add 1 Tbsp. / 15 ml of oil to the pan and heat over medium to low heat. Add the egg mixture and stirring, cook the eggs until just set.

3. While the eggs are cooking, lay out the tortilla shells on a flat surface. Divide the egg mixture between the 6 shells. Sprinkle each with 1 Tbsp. / 15 ml of grated cheese. Roll shells tightly, folding in the edges. Serve immediately with salsa on the side.",35,0,0,"If for school lunch, wrap in parchment paper and refrigerate for reheating in a microwave. Or, if for a later daily meal, wrap in foil and reheat in a 325-f oven for 8 ??? 10 minutes.",0,??,6,10,2023-01-04T00:04:46.837173,2023-01-04T00:04:46.837173
Measure,7,7,cup,0.5,4,3,2023-01-04T00:04:46.837173,2023-01-04T00:04:46.837173,Meal,3,bb_brkf,Breakfast Burrito,,breakfast;lunch;school,,,LUNCH;BREAKFAST,,,"1. Heat a frying pan or skillet over medium heat. Add the diced bacon and fry until just beginning to crisp. Add the peppers, onion and jalapeno if using and fry, stirring occasionally, until the bacon is cooked and the vegetables are softened. Remove bacon and vegetables from the pan and set aside. Pour off the fat from the pan and discard. Wipe out the pan with a paper towel.

2. In a bowl, whisk the egg, milk salt and pepper together. Add 1 Tbsp. / 15 ml of oil to the pan and heat over medium to low heat. Add the egg mixture and stirring, cook the eggs until just set.

3. While the eggs are cooking, lay out the tortilla shells on a flat surface. Divide the egg mixture between the 6 shells. Sprinkle each with 1 Tbsp. / 15 ml of grated cheese. Roll shells tightly, folding in the edges. Serve immediately with salsa on the side.",35,0,0,"If for school lunch, wrap in parchment paper and refrigerate for reheating in a microwave. Or, if for a later daily meal, wrap in foil and reheat in a 325-f oven for 8 ??? 10 minutes.",0,??,6,10,2023-01-04T00:04:46.837173,2023-01-04T00:04:46.837173
Measure,8,8,each,0.5,15,3,2023-01-04T00:04:46.837173,2023-01-04T00:04:46.837173,Meal,3,bb_brkf,Breakfast Burrito,,breakfast;lunch;school,,,LUNCH;BREAKFAST,,,"1. Heat a frying pan or skillet over medium heat. Add the diced bacon and fry until just beginning to crisp. Add the peppers, onion and jalapeno if using and fry, stirring occasionally, until the bacon is cooked and the vegetables are softened. Remove bacon and vegetables from the pan and set aside. Pour off the fat from the pan and discard. Wipe out the pan with a paper towel.

2. In a bowl, whisk the egg, milk salt and pepper together. Add 1 Tbsp. / 15 ml of oil to the pan and heat over medium to low heat. Add the egg mixture and stirring, cook the eggs until just set.

3. While the eggs are cooking, lay out the tortilla shells on a flat surface. Divide the egg mixture between the 6 shells. Sprinkle each with 1 Tbsp. / 15 ml of grated cheese. Roll shells tightly, folding in the edges. Serve immediately with salsa on the side.",35,0,0,"If for school lunch, wrap in parchment paper and refrigerate for reheating in a microwave. Or, if for a later daily meal, wrap in foil and reheat in a 325-f oven for 8 ??? 10 minutes.",0,??,6,10,2023-01-04T00:04:46.837173,2023-01-04T00:04:46.837173
Measure,9,9,tbsp,1,16,3,2023-01-04T00:04:46.837173,2023-01-04T00:04:46.837173,Meal,3,bb_brkf,Breakfast Burrito,,breakfast;lunch;school,,,LUNCH;BREAKFAST,,,"1. Heat a frying pan or skillet over medium heat. Add the diced bacon and fry until just beginning to crisp. Add the peppers, onion and jalapeno if using and fry, stirring occasionally, until the bacon is cooked and the vegetables are softened. Remove bacon and vegetables from the pan and set aside. Pour off the fat from the pan and discard. Wipe out the pan with a paper towel.

2. In a bowl, whisk the egg, milk salt and pepper together. Add 1 Tbsp. / 15 ml of oil to the pan and heat over medium to low heat. Add the egg mixture and stirring, cook the eggs until just set.

3. While the eggs are cooking, lay out the tortilla shells on a flat surface. Divide the egg mixture between the 6 shells. Sprinkle each with 1 Tbsp. / 15 ml of grated cheese. Roll shells tightly, folding in the edges. Serve immediately with salsa on the side.",35,0,0,"If for school lunch, wrap in parchment paper and refrigerate for reheating in a microwave. Or, if for a later daily meal, wrap in foil and reheat in a 325-f oven for 8 ??? 10 minutes.",0,??,6,10,2023-01-04T00:04:46.837173,2023-01-04T00:04:46.837173
Measure,10,10,each,6,17,3,2023-01-04T00:04:46.837173,2023-01-04T00:04:46.837173,Meal,3,bb_brkf,Breakfast Burrito,,breakfast;lunch;school,,,LUNCH;BREAKFAST,,,"1. Heat a frying pan or skillet over medium heat. Add the diced bacon and fry until just beginning to crisp. Add the peppers, onion and jalapeno if using and fry, stirring occasionally, until the bacon is cooked and the vegetables are softened. Remove bacon and vegetables from the pan and set aside. Pour off the fat from the pan and discard. Wipe out the pan with a paper towel.

2. In a bowl, whisk the egg, milk salt and pepper together. Add 1 Tbsp. / 15 ml of oil to the pan and heat over medium to low heat. Add the egg mixture and stirring, cook the eggs until just set.

3. While the eggs are cooking, lay out the tortilla shells on a flat surface. Divide the egg mixture between the 6 shells. Sprinkle each with 1 Tbsp. / 15 ml of grated cheese. Roll shells tightly, folding in the edges. Serve immediately with salsa on the side.",35,0,0,"If for school lunch, wrap in parchment paper and refrigerate for reheating in a microwave. Or, if for a later daily meal, wrap in foil and reheat in a 325-f oven for 8 ??? 10 minutes.",0,??,6,10,2023-01-04T00:04:46.837173,2023-01-04T00:04:46.837173
Measure,11,11,tbsp,3,18,3,2023-01-04T00:04:46.837173,2023-01-04T00:04:46.837173,Meal,3,bb_brkf,Breakfast Burrito,,breakfast;lunch;school,,,LUNCH;BREAKFAST,,,"1. Heat a frying pan or skillet over medium heat. Add the diced bacon and fry until just beginning to crisp. Add the peppers, onion and jalapeno if using and fry, stirring occasionally, until the bacon is cooked and the vegetables are softened. Remove bacon and vegetables from the pan and set aside. Pour off the fat from the pan and discard. Wipe out the pan with a paper towel.

2. In a bowl, whisk the egg, milk salt and pepper together. Add 1 Tbsp. / 15 ml of oil to the pan and heat over medium to low heat. Add the egg mixture and stirring, cook the eggs until just set.

3. While the eggs are cooking, lay out the tortilla shells on a flat surface. Divide the egg mixture between the 6 shells. Sprinkle each with 1 Tbsp. / 15 ml of grated cheese. Roll shells tightly, folding in the edges. Serve immediately with salsa on the side.",35,0,0,"If for school lunch, wrap in parchment paper and refrigerate for reheating in a microwave. Or, if for a later daily meal, wrap in foil and reheat in a 325-f oven for 8 ??? 10 minutes.",0,??,6,10,2023-01-04T00:04:46.837173,2023-01-04T00:04:46.837173
Measure,12,12,tsp,1,6,3,2023-01-04T00:04:46.837173,2023-01-04T00:04:46.837173,Meal,3,bb_brkf,Breakfast Burrito,,breakfast;lunch;school,,,LUNCH;BREAKFAST,,,"1. Heat a frying pan or skillet over medium heat. Add the diced bacon and fry until just beginning to crisp. Add the peppers, onion and jalapeno if using and fry, stirring occasionally, until the bacon is cooked and the vegetables are softened. Remove bacon and vegetables from the pan and set aside. Pour off the fat from the pan and discard. Wipe out the pan with a paper towel.

2. In a bowl, whisk the egg, milk salt and pepper together. Add 1 Tbsp. / 15 ml of oil to the pan and heat over medium to low heat. Add the egg mixture and stirring, cook the eggs until just set.

3. While the eggs are cooking, lay out the tortilla shells on a flat surface. Divide the egg mixture between the 6 shells. Sprinkle each with 1 Tbsp. / 15 ml of grated cheese. Roll shells tightly, folding in the edges. Serve immediately with salsa on the side.",35,0,0,"If for school lunch, wrap in parchment paper and refrigerate for reheating in a microwave. Or, if for a later daily meal, wrap in foil and reheat in a 325-f oven for 8 ??? 10 minutes.",0,??,6,10,2023-01-04T00:04:46.837173,2023-01-04T00:04:46.837173
Measure,13,13,pinch,0.125,7,3,2023-01-04T00:04:46.837173,2023-01-04T00:04:46.837173,Meal,3,bb_brkf,Breakfast Burrito,,breakfast;lunch;school,,,LUNCH;BREAKFAST,,,"1. Heat a frying pan or skillet over medium heat. Add the diced bacon and fry until just beginning to crisp. Add the peppers, onion and jalapeno if using and fry, stirring occasionally, until the bacon is cooked and the vegetables are softened. Remove bacon and vegetables from the pan and set aside. Pour off the fat from the pan and discard. Wipe out the pan with a paper towel.

2. In a bowl, whisk the egg, milk salt and pepper together. Add 1 Tbsp. / 15 ml of oil to the pan and heat over medium to low heat. Add the egg mixture and stirring, cook the eggs until just set.

3. While the eggs are cooking, lay out the tortilla shells on a flat surface. Divide the egg mixture between the 6 shells. Sprinkle each with 1 Tbsp. / 15 ml of grated cheese. Roll shells tightly, folding in the edges. Serve immediately with salsa on the side.",35,0,0,"If for school lunch, wrap in parchment paper and refrigerate for reheating in a microwave. Or, if for a later daily meal, wrap in foil and reheat in a 325-f oven for 8 ??? 10 minutes.",0,??,6,10,2023-01-04T00:04:46.837173,2023-01-04T00:04:46.837173
Measure,14,14,tbsp,6,19,3,2023-01-04T00:04:46.837173,2023-01-04T00:04:46.837173,Meal,3,bb_brkf,Breakfast Burrito,,breakfast;lunch;school,,,LUNCH;BREAKFAST,,,"1. Heat a frying pan or skillet over medium heat. Add the diced bacon and fry until just beginning to crisp. Add the peppers, onion and jalapeno if using and fry, stirring occasionally, until the bacon is cooked and the vegetables are softened. Remove bacon and vegetables from the pan and set aside. Pour off the fat from the pan and discard. Wipe out the pan with a paper towel.

2. In a bowl, whisk the egg, milk salt and pepper together. Add 1 Tbsp. / 15 ml of oil to the pan and heat over medium to low heat. Add the egg mixture and stirring, cook the eggs until just set.

3. While the eggs are cooking, lay out the tortilla shells on a flat surface. Divide the egg mixture between the 6 shells. Sprinkle each with 1 Tbsp. / 15 ml of grated cheese. Roll shells tightly, folding in the edges. Serve immediately with salsa on the side.",35,0,0,"If for school lunch, wrap in parchment paper and refrigerate for reheating in a microwave. Or, if for a later daily meal, wrap in foil and reheat in a 325-f oven for 8 ??? 10 minutes.",0,??,6,10,2023-01-04T00:04:46.837173,2023-01-04T00:04:46.837173
Measure,15,15,each,6,20,3,2023-01-04T00:04:46.837173,2023-01-04T00:04:46.837173,Meal,3,bb_brkf,Breakfast Burrito,,breakfast;lunch;school,,,LUNCH;BREAKFAST,,,"1. Heat a frying pan or skillet over medium heat. Add the diced bacon and fry until just beginning to crisp. Add the peppers, onion and jalapeno if using and fry, stirring occasionally, until the bacon is cooked and the vegetables are softened. Remove bacon and vegetables from the pan and set aside. Pour off the fat from the pan and discard. Wipe out the pan with a paper towel.

2. In a bowl, whisk the egg, milk salt and pepper together. Add 1 Tbsp. / 15 ml of oil to the pan and heat over medium to low heat. Add the egg mixture and stirring, cook the eggs until just set.

3. While the eggs are cooking, lay out the tortilla shells on a flat surface. Divide the egg mixture between the 6 shells. Sprinkle each with 1 Tbsp. / 15 ml of grated cheese. Roll shells tightly, folding in the edges. Serve immediately with salsa on the side.",35,0,0,"If for school lunch, wrap in parchment paper and refrigerate for reheating in a microwave. Or, if for a later daily meal, wrap in foil and reheat in a 325-f oven for 8 ??? 10 minutes.",0,??,6,10,2023-01-04T00:04:46.837173,2023-01-04T00:04:46.837173
Measure,16,16,each,1,8,2,2023-01-04T00:04:46.837173,2023-01-04T00:04:46.837173,Meal,2,cs_side,Cucumber Dill Salad,,side dish;vegetarian;vegan;salad,,,LUNCH;DINNER,,,"1. Wash and dry the cucumber. The skin can be left on or partially removed. If using field cucumbers, peel and remove seeds prior to slicing.
2. Slice the cucumbers as thinly as possible (almost see through). Set aside
3. Place the vinegar, sugar, salt and pepper in a mixing bowl and whisk until the sugar has dissolved completely
4. Add the cucumber, onion and dill. Mix together well
5. Refrigerate, turning occasionally, for at least 1 hour",30,0,0,Defreeze the coconut chunks before 30 minutes to obtain soft texture. You can grind the coconut chunks to a poweder and store it in an airtight container.,0,??,8,10,2023-01-04T00:04:46.837173,2023-01-04T00:04:46.837173
Measure,17,17,tbsp,3,2,2,2023-01-04T00:04:46.837173,2023-01-04T00:04:46.837173,Meal,2,cs_side,Cucumber Dill Salad,,side dish;vegetarian;vegan;salad,,,LUNCH;DINNER,,,"1. Wash and dry the cucumber. The skin can be left on or partially removed. If using field cucumbers, peel and remove seeds prior to slicing.
2. Slice the cucumbers as thinly as possible (almost see through). Set aside
3. Place the vinegar, sugar, salt and pepper in a mixing bowl and whisk until the sugar has dissolved completely
4. Add the cucumber, onion and dill. Mix together well
5. Refrigerate, turning occasionally, for at least 1 hour",30,0,0,Defreeze the coconut chunks before 30 minutes to obtain soft texture. You can grind the coconut chunks to a poweder and store it in an airtight container.,0,??,8,10,2023-01-04T00:04:46.837173,2023-01-04T00:04:46.837173
Measure,18,18,tbsp,1.5,5,2,2023-01-04T00:04:46.837173,2023-01-04T00:04:46.837173,Meal,2,cs_side,Cucumber Dill Salad,,side dish;vegetarian;vegan;salad,,,LUNCH;DINNER,,,"1. Wash and dry the cucumber. The skin can be left on or partially removed. If using field cucumbers, peel and remove seeds prior to slicing.
2. Slice the cucumbers as thinly as possible (almost see through). Set aside
3. Place the vinegar, sugar, salt and pepper in a mixing bowl and whisk until the sugar has dissolved completely
4. Add the cucumber, onion and dill. Mix together well
5. Refrigerate, turning occasionally, for at least 1 hour",30,0,0,Defreeze the coconut chunks before 30 minutes to obtain soft texture. You can grind the coconut chunks to a poweder and store it in an airtight container.,0,??,8,10,2023-01-04T00:04:46.837173,2023-01-04T00:04:46.837173
Measure,19,19,tsp,0.25,6,2,2023-01-04T00:04:46.837173,2023-01-04T00:04:46.837173,Meal,2,cs_side,Cucumber Dill Salad,,side dish;vegetarian;vegan;salad,,,LUNCH;DINNER,,,"1. Wash and dry the cucumber. The skin can be left on or partially removed. If using field cucumbers, peel and remove seeds prior to slicing.
2. Slice the cucumbers as thinly as possible (almost see through). Set aside
3. Place the vinegar, sugar, salt and pepper in a mixing bowl and whisk until the sugar has dissolved completely
4. Add the cucumber, onion and dill. Mix together well
5. Refrigerate, turning occasionally, for at least 1 hour",30,0,0,Defreeze the coconut chunks before 30 minutes to obtain soft texture. You can grind the coconut chunks to a poweder and store it in an airtight container.,0,??,8,10,2023-01-04T00:04:46.837173,2023-01-04T00:04:46.837173
Measure,20,20,tsp,0.25,7,2,2023-01-04T00:04:46.837173,2023-01-04T00:04:46.837173,Meal,2,cs_side,Cucumber Dill Salad,,side dish;vegetarian;vegan;salad,,,LUNCH;DINNER,,,"1. Wash and dry the cucumber. The skin can be left on or partially removed. If using field cucumbers, peel and remove seeds prior to slicing.
2. Slice the cucumbers as thinly as possible (almost see through). Set aside
3. Place the vinegar, sugar, salt and pepper in a mixing bowl and whisk until the sugar has dissolved completely
4. Add the cucumber, onion and dill. Mix together well
5. Refrigerate, turning occasionally, for at least 1 hour",30,0,0,Defreeze the coconut chunks before 30 minutes to obtain soft texture. You can grind the coconut chunks to a poweder and store it in an airtight container.,0,??,8,10,2023-01-04T00:04:46.837173,2023-01-04T00:04:46.837173
Measure,21,21,each,1,4,2,2023-01-04T00:04:46.837173,2023-01-04T00:04:46.837173,Meal,2,cs_side,Cucumber Dill Salad,,side dish;vegetarian;vegan;salad,,,LUNCH;DINNER,,,"1. Wash and dry the cucumber. The skin can be left on or partially removed. If using field cucumbers, peel and remove seeds prior to slicing.
2. Slice the cucumbers as thinly as possible (almost see through). Set aside
3. Place the vinegar, sugar, salt and pepper in a mixing bowl and whisk until the sugar has dissolved completely
4. Add the cucumber, onion and dill. Mix together well
5. Refrigerate, turning occasionally, for at least 1 hour",30,0,0,Defreeze the coconut chunks before 30 minutes to obtain soft texture. You can grind the coconut chunks to a poweder and store it in an airtight container.,0,??,8,10,2023-01-04T00:04:46.837173,2023-01-04T00:04:46.837173
Measure,22,22,tbsp,1,3,2,2023-01-04T00:04:46.837173,2023-01-04T00:04:46.837173,Meal,2,cs_side,Cucumber Dill Salad,,side dish;vegetarian;vegan;salad,,,LUNCH;DINNER,,,"1. Wash and dry the cucumber. The skin can be left on or partially removed. If using field cucumbers, peel and remove seeds prior to slicing.
2. Slice the cucumbers as thinly as possible (almost see through). Set aside
3. Place the vinegar, sugar, salt and pepper in a mixing bowl and whisk until the sugar has dissolved completely
4. Add the cucumber, onion and dill. Mix together well
5. Refrigerate, turning occasionally, for at least 1 hour",30,0,0,Defreeze the coconut chunks before 30 minutes to obtain soft texture. You can grind the coconut chunks to a poweder and store it in an airtight container.,0,??,8,10,2023-01-04T00:04:46.837173,2023-01-04T00:04:46.837173
Measure,23,23,lb,0.5,21,4,2023-01-04T00:04:46.837173,2023-01-04T00:04:46.837173,Meal,4,mc_main,Macaroni and Cheese,,dinner;pasta;stovetop,,,LUNCH;DINNER,,,"Preheat oven to 325 f??

1. Bring 3 litres of water, with 1 Tsp. (5 ml) of salt to the boil. Add the macaroni noodles and cook following package directions. Stir occasionally during cooking. Drain and rinse well under cold water. Place in a colander and set aside.

2. For the sauce - In a large saucepan over medium heat, melt the butter. Add the flour and mix well. Lower heat and cook for about 5 minutes. Stir frequently.

3. Heat the milk in a separate pan until warm and slowly add to the butter/flour mixture (the roux) over low heat, stirring frequently, cook until sauce thickens slightly, about 10-15 minutes.????

4. Turn the heat to very low, cover the saucepan and let sit for about 20 minutes, stirring occasionally, to cook out the taste of the flour. Add the grated cheese, salt and pepper. Stir until the cheese has melted.??

5. Add the noodles to the sauce and mix well. Place in a greased 8??? x 8??? deep baking dish. If the sauce appears too thick, add some warmed milk until desired consistency is reached. Remember, sauce will thicken during cooking as the pasta will absorb the sauce.??

6. Sprinkle the breadcrumbs over the macaroni and dot with butter or margarine. For a spicier topping sprinkle with the chili powder. Bake uncovered in pre-heated oven for about 30-35 minutes or until the sauce has bubbled around the edges and the top is nicely browned. Allow to sit for a few minutes before serving.",60,0,0,,0,??,6,10,2023-01-04T00:04:46.837173,2023-01-04T00:04:46.837173
Measure,24,24,cup,0.25,22,4,2023-01-04T00:04:46.837173,2023-01-04T00:04:46.837173,Meal,4,mc_main,Macaroni and Cheese,,dinner;pasta;stovetop,,,LUNCH;DINNER,,,"Preheat oven to 325 f??

1. Bring 3 litres of water, with 1 Tsp. (5 ml) of salt to the boil. Add the macaroni noodles and cook following package directions. Stir occasionally during cooking. Drain and rinse well under cold water. Place in a colander and set aside.

2. For the sauce - In a large saucepan over medium heat, melt the butter. Add the flour and mix well. Lower heat and cook for about 5 minutes. Stir frequently.

3. Heat the milk in a separate pan until warm and slowly add to the butter/flour mixture (the roux) over low heat, stirring frequently, cook until sauce thickens slightly, about 10-15 minutes.????

4. Turn the heat to very low, cover the saucepan and let sit for about 20 minutes, stirring occasionally, to cook out the taste of the flour. Add the grated cheese, salt and pepper. Stir until the cheese has melted.??

5. Add the noodles to the sauce and mix well. Place in a greased 8??? x 8??? deep baking dish. If the sauce appears too thick, add some warmed milk until desired consistency is reached. Remember, sauce will thicken during cooking as the pasta will absorb the sauce.??

6. Sprinkle the breadcrumbs over the macaroni and dot with butter or margarine. For a spicier topping sprinkle with the chili powder. Bake uncovered in pre-heated oven for about 30-35 minutes or until the sauce has bubbled around the edges and the top is nicely browned. Allow to sit for a few minutes before serving.",60,0,0,,0,??,6,10,2023-01-04T00:04:46.837173,2023-01-04T00:04:46.837173
Measure,25,25,cup,0.33,23,4,2023-01-04T00:04:46.837173,2023-01-04T00:04:46.837173,Meal,4,mc_main,Macaroni and Cheese,,dinner;pasta;stovetop,,,LUNCH;DINNER,,,"Preheat oven to 325 f??

1. Bring 3 litres of water, with 1 Tsp. (5 ml) of salt to the boil. Add the macaroni noodles and cook following package directions. Stir occasionally during cooking. Drain and rinse well under cold water. Place in a colander and set aside.

2. For the sauce - In a large saucepan over medium heat, melt the butter. Add the flour and mix well. Lower heat and cook for about 5 minutes. Stir frequently.

3. Heat the milk in a separate pan until warm and slowly add to the butter/flour mixture (the roux) over low heat, stirring frequently, cook until sauce thickens slightly, about 10-15 minutes.????

4. Turn the heat to very low, cover the saucepan and let sit for about 20 minutes, stirring occasionally, to cook out the taste of the flour. Add the grated cheese, salt and pepper. Stir until the cheese has melted.??

5. Add the noodles to the sauce and mix well. Place in a greased 8??? x 8??? deep baking dish. If the sauce appears too thick, add some warmed milk until desired consistency is reached. Remember, sauce will thicken during cooking as the pasta will absorb the sauce.??

6. Sprinkle the breadcrumbs over the macaroni and dot with butter or margarine. For a spicier topping sprinkle with the chili powder. Bake uncovered in pre-heated oven for about 30-35 minutes or until the sauce has bubbled around the edges and the top is nicely browned. Allow to sit for a few minutes before serving.",60,0,0,,0,??,6,10,2023-01-04T00:04:46.837173,2023-01-04T00:04:46.837173
Measure,26,26,cup,3.5,18,4,2023-01-04T00:04:46.837173,2023-01-04T00:04:46.837173,Meal,4,mc_main,Macaroni and Cheese,,dinner;pasta;stovetop,,,LUNCH;DINNER,,,"Preheat oven to 325 f??

1. Bring 3 litres of water, with 1 Tsp. (5 ml) of salt to the boil. Add the macaroni noodles and cook following package directions. Stir occasionally during cooking. Drain and rinse well under cold water. Place in a colander and set aside.

2. For the sauce - In a large saucepan over medium heat, melt the butter. Add the flour and mix well. Lower heat and cook for about 5 minutes. Stir frequently.

3. Heat the milk in a separate pan until warm and slowly add to the butter/flour mixture (the roux) over low heat, stirring frequently, cook until sauce thickens slightly, about 10-15 minutes.????

4. Turn the heat to very low, cover the saucepan and let sit for about 20 minutes, stirring occasionally, to cook out the taste of the flour. Add the grated cheese, salt and pepper. Stir until the cheese has melted.??

5. Add the noodles to the sauce and mix well. Place in a greased 8??? x 8??? deep baking dish. If the sauce appears too thick, add some warmed milk until desired consistency is reached. Remember, sauce will thicken during cooking as the pasta will absorb the sauce.??

6. Sprinkle the breadcrumbs over the macaroni and dot with butter or margarine. For a spicier topping sprinkle with the chili powder. Bake uncovered in pre-heated oven for about 30-35 minutes or until the sauce has bubbled around the edges and the top is nicely browned. Allow to sit for a few minutes before serving.",60,0,0,,0,??,6,10,2023-01-04T00:04:46.837173,2023-01-04T00:04:46.837173
Measure,27,27,oz,10,19,4,2023-01-04T00:04:46.837173,2023-01-04T00:04:46.837173,Meal,4,mc_main,Macaroni and Cheese,,dinner;pasta;stovetop,,,LUNCH;DINNER,,,"Preheat oven to 325 f??

1. Bring 3 litres of water, with 1 Tsp. (5 ml) of salt to the boil. Add the macaroni noodles and cook following package directions. Stir occasionally during cooking. Drain and rinse well under cold water. Place in a colander and set aside.

2. For the sauce - In a large saucepan over medium heat, melt the butter. Add the flour and mix well. Lower heat and cook for about 5 minutes. Stir frequently.

3. Heat the milk in a separate pan until warm and slowly add to the butter/flour mixture (the roux) over low heat, stirring frequently, cook until sauce thickens slightly, about 10-15 minutes.????

4. Turn the heat to very low, cover the saucepan and let sit for about 20 minutes, stirring occasionally, to cook out the taste of the flour. Add the grated cheese, salt and pepper. Stir until the cheese has melted.??

5. Add the noodles to the sauce and mix well. Place in a greased 8??? x 8??? deep baking dish. If the sauce appears too thick, add some warmed milk until desired consistency is reached. Remember, sauce will thicken during cooking as the pasta will absorb the sauce.??

6. Sprinkle the breadcrumbs over the macaroni and dot with butter or margarine. For a spicier topping sprinkle with the chili powder. Bake uncovered in pre-heated oven for about 30-35 minutes or until the sauce has bubbled around the edges and the top is nicely browned. Allow to sit for a few minutes before serving.",60,0,0,,0,??,6,10,2023-01-04T00:04:46.837173,2023-01-04T00:04:46.837173
Measure,28,28,tsp,0.5,6,4,2023-01-04T00:04:46.837173,2023-01-04T00:04:46.837173,Meal,4,mc_main,Macaroni and Cheese,,dinner;pasta;stovetop,,,LUNCH;DINNER,,,"Preheat oven to 325 f??

1. Bring 3 litres of water, with 1 Tsp. (5 ml) of salt to the boil. Add the macaroni noodles and cook following package directions. Stir occasionally during cooking. Drain and rinse well under cold water. Place in a colander and set aside.

2. For the sauce - In a large saucepan over medium heat, melt the butter. Add the flour and mix well. Lower heat and cook for about 5 minutes. Stir frequently.

3. Heat the milk in a separate pan until warm and slowly add to the butter/flour mixture (the roux) over low heat, stirring frequently, cook until sauce thickens slightly, about 10-15 minutes.????

4. Turn the heat to very low, cover the saucepan and let sit for about 20 minutes, stirring occasionally, to cook out the taste of the flour. Add the grated cheese, salt and pepper. Stir until the cheese has melted.??

5. Add the noodles to the sauce and mix well. Place in a greased 8??? x 8??? deep baking dish. If the sauce appears too thick, add some warmed milk until desired consistency is reached. Remember, sauce will thicken during cooking as the pasta will absorb the sauce.??

6. Sprinkle the breadcrumbs over the macaroni and dot with butter or margarine. For a spicier topping sprinkle with the chili powder. Bake uncovered in pre-heated oven for about 30-35 minutes or until the sauce has bubbled around the edges and the top is nicely browned. Allow to sit for a few minutes before serving.",60,0,0,,0,??,6,10,2023-01-04T00:04:46.837173,2023-01-04T00:04:46.837173
Measure,29,29,pinch,1,7,4,2023-01-04T00:04:46.837173,2023-01-04T00:04:46.837173,Meal,4,mc_main,Macaroni and Cheese,,dinner;pasta;stovetop,,,LUNCH;DINNER,,,"Preheat oven to 325 f??

1. Bring 3 litres of water, with 1 Tsp. (5 ml) of salt to the boil. Add the macaroni noodles and cook following package directions. Stir occasionally during cooking. Drain and rinse well under cold water. Place in a colander and set aside.

2. For the sauce - In a large saucepan over medium heat, melt the butter. Add the flour and mix well. Lower heat and cook for about 5 minutes. Stir frequently.

3. Heat the milk in a separate pan until warm and slowly add to the butter/flour mixture (the roux) over low heat, stirring frequently, cook until sauce thickens slightly, about 10-15 minutes.????

4. Turn the heat to very low, cover the saucepan and let sit for about 20 minutes, stirring occasionally, to cook out the taste of the flour. Add the grated cheese, salt and pepper. Stir until the cheese has melted.??

5. Add the noodles to the sauce and mix well. Place in a greased 8??? x 8??? deep baking dish. If the sauce appears too thick, add some warmed milk until desired consistency is reached. Remember, sauce will thicken during cooking as the pasta will absorb the sauce.??

6. Sprinkle the breadcrumbs over the macaroni and dot with butter or margarine. For a spicier topping sprinkle with the chili powder. Bake uncovered in pre-heated oven for about 30-35 minutes or until the sauce has bubbled around the edges and the top is nicely browned. Allow to sit for a few minutes before serving.",60,0,0,,0,??,6,10,2023-01-04T00:04:46.837173,2023-01-04T00:04:46.837173
Measure,30,30,tbsp,4,24,4,2023-01-04T00:04:46.837173,2023-01-04T00:04:46.837173,Meal,4,mc_main,Macaroni and Cheese,,dinner;pasta;stovetop,,,LUNCH;DINNER,,,"Preheat oven to 325 f??

1. Bring 3 litres of water, with 1 Tsp. (5 ml) of salt to the boil. Add the macaroni noodles and cook following package directions. Stir occasionally during cooking. Drain and rinse well under cold water. Place in a colander and set aside.

2. For the sauce - In a large saucepan over medium heat, melt the butter. Add the flour and mix well. Lower heat and cook for about 5 minutes. Stir frequently.

3. Heat the milk in a separate pan until warm and slowly add to the butter/flour mixture (the roux) over low heat, stirring frequently, cook until sauce thickens slightly, about 10-15 minutes.????

4. Turn the heat to very low, cover the saucepan and let sit for about 20 minutes, stirring occasionally, to cook out the taste of the flour. Add the grated cheese, salt and pepper. Stir until the cheese has melted.??

5. Add the noodles to the sauce and mix well. Place in a greased 8??? x 8??? deep baking dish. If the sauce appears too thick, add some warmed milk until desired consistency is reached. Remember, sauce will thicken during cooking as the pasta will absorb the sauce.??

6. Sprinkle the breadcrumbs over the macaroni and dot with butter or margarine. For a spicier topping sprinkle with the chili powder. Bake uncovered in pre-heated oven for about 30-35 minutes or until the sauce has bubbled around the edges and the top is nicely browned. Allow to sit for a few minutes before serving.",60,0,0,,0,??,6,10,2023-01-04T00:04:46.837173,2023-01-04T00:04:46.837173